{"eval/samples_per_second":32.227,"total_flos":1.876578066549965e+16,"train/tokens/total":1115136,"_step":73,"train_runtime":144.7317,"_timestamp":1.779135917493588e+09,"train/learning_rate":1.2430787810776556e-08,"eval/runtime":4.0649,"train/global_step":69,"train/memory/max_active (GiB)":6.36,"train/epoch":1,"eval/loss":1.304601788520813,"train/tokens/trainable":607592,"eval/steps_per_second":8.118,"train_loss":1.001207000967385,"_runtime":141,"train/ppl":2.89533,"train/loss":1.0631,"train_steps_per_second":0.477,"train/tokens/train_per_sec_per_gpu":1189.56,"train/grad_norm":0.7712796330451965,"eval/ppl":3.68622,"train/memory/max_allocated (GiB)":6.36,"_wandb":{"runtime":141},"train_samples_per_second":7.628,"train/memory/device_reserved (GiB)":18.77}