{"train_steps_per_second":0.498,"train/tokens/train_per_sec_per_gpu":876.28,"_wandb":{"runtime":135},"eval/ppl":3.57394,"train/tokens/trainable":596771,"train/tokens/total":1112064,"train/memory/device_reserved (GiB)":16.46,"eval/steps_per_second":8.245,"train_samples_per_second":7.969,"train/memory/max_allocated (GiB)":6.36,"eval/loss":1.2736676931381226,"train/loss":0.779,"train_runtime":136.5325,"train/learning_rate":1.2834928289472415e-08,"_runtime":135,"eval/samples_per_second":32.23,"train_loss":0.9956747880753349,"_step":72,"train/grad_norm":0.20185962319374084,"train/memory/max_active (GiB)":6.36,"train/global_step":68,"train/epoch":1,"_timestamp":1.7791361410155203e+09,"total_flos":1.871408430002995e+16,"train/ppl":2.17929,"eval/runtime":4.0025}